Model,Accuracy,Precision,Recall,F1-Score,ROC-AUC,KS Statistic
Logistic Regression,0.5476190476190477,0.42857142857142855,0.5625,0.4864864864864865,0.5697115384615384,0.16826923076923078
Random Forest,0.5595238095238095,0.4074074074074074,0.34375,0.3728813559322034,0.5961538461538461,0.2668269230769231
XGBoost,0.5357142857142857,0.3939393939393939,0.40625,0.4,0.5955528846153846,0.22355769230769232
LightGBM,0.5714285714285714,0.4411764705882353,0.46875,0.45454545454545453,0.5835336538461539,0.21153846153846154
CatBoost,0.5595238095238095,0.43243243243243246,0.5,0.463768115942029,0.600360576923077,0.20673076923076922
